relative_time_s,current_A,soc_pct,avg_temp_C
1.0310,52.4671,87.3992,29.3810
1.0940,53.9002,87.3943,29.4305
1.2030,54.9416,87.3902,29.3664
1.3130,53.7963,87.3869,29.4787
1.4220,52.9658,87.3835,29.4106
1.5310,56.2027,87.3812,29.4201
1.6410,51.9353,87.3770,29.3648
1.7500,58.7861,87.3747,29.4544
1.8600,54.4525,87.3697,29.4575
1.9690,56.7726,87.3663,29.4388
2.0780,54.8820,87.3654,29.4442
2.1880,56.8054,87.3639,29.4311
2.2970,55.0848,87.3607,29.4026
2.4060,55.6225,87.3583,29.3889
2.5160,56.2548,87.3546,29.4183
2.6250,56.4220,87.3513,29.3918
2.7350,54.6264,87.3473,29.3645
2.8440,57.8586,87.3434,29.4660
2.9530,55.7877,87.3401,29.4336
3.0630,55.3784,87.3361,29.3802
3.1720,55.2808,87.3348,29.4124
3.2810,55.1823,87.3305,29.3784
3.3910,57.4643,87.3286,29.4004
3.5000,57.5886,87.3246,29.3409
3.6100,62.2539,87.3219,29.4198
3.7190,60.0306,87.3198,29.4020
3.8280,65.9468,87.3169,29.3589
3.9380,63.8526,87.3134,29.4267
4.0470,60.5268,87.3103,29.4084
4.1560,57.6411,87.3075,29.4383
4.2660,60.7322,87.3036,29.4005
4.3750,63.8746,87.3006,29.3077
4.4850,62.2267,87.2960,29.3271
4.5940,60.9431,87.2940,29.4421
4.7030,61.4976,87.2898,29.3909
4.8130,63.5258,87.2859,29.4328
4.9220,63.8955,87.2833,29.3975
5.0310,59.3407,87.2806,29.3666
5.1410,64.3166,87.2768,29.3475
5.2500,59.5357,87.2724,29.3511
5.3600,63.3238,87.2685,29.3282
5.4690,64.1181,87.2652,29.2944
5.5780,68.5304,87.2618,29.3483
5.6880,59.0344,87.2612,29.4158
5.7970,65.5323,87.2582,29.3639
5.9060,66.6019,87.2557,29.3140
6.0160,66.4431,87.2518,29.3335
6.1250,63.2304,87.2496,29.3791
6.2350,65.6151,87.2463,29.3738
6.3440,63.3022,87.2440,29.3465
6.4530,64.9962,87.2391,29.3172
6.5630,68.3564,87.2356,29.3241
6.6720,68.0743,87.2296,29.3530
6.7810,71.0100,87.2257,29.3570
6.8910,64.7603,87.2217,29.3288
7.0000,68.0856,87.2171,29.3168
7.1100,63.3628,87.2144,29.3693
7.2190,65.5622,87.2108,29.3407
7.3280,65.9830,87.2055,29.2579
7.4380,64.9302,87.2017,29.3141
7.5470,65.9526,87.2004,29.2935
7.6560,70.6608,87.1962,29.2773
7.7660,66.3110,87.1931,29.3445
7.8750,66.3440,87.1899,29.3094
7.9850,72.5575,87.1865,29.2969
8.0940,68.8750,87.1848,29.3226
8.2030,70.6946,87.1799,29.2957
8.3130,68.0848,87.1778,29.2795
8.4220,67.9652,87.1745,29.3090
8.5310,70.9505,87.1730,29.3243
8.6410,71.0844,87.1690,29.3065
8.7500,70.7908,87.1644,29.2507
8.8600,68.0817,87.1613,29.2647
8.9690,70.1194,87.1566,29.2378
9.0780,72.8263,87.1534,29.2256
9.1880,69.5333,87.1510,29.3328
9.2970,68.3968,87.1477,29.3263
9.4060,74.5989,87.1451,29.3199
9.5160,72.8749,87.1422,29.3057
9.6250,69.8135,87.1376,29.2102
9.7350,72.4756,87.1341,29.2148
9.8440,78.0587,87.1308,29.2753
9.9530,74.3024,87.1272,29.2496
10.0630,70.7304,87.1247,29.2624
10.1720,71.6019,87.1203,29.3002
10.2810,77.0450,87.1155,29.2396
10.3910,75.2500,87.1132,29.1965
10.5000,81.6782,87.1099,29.2874
10.6100,73.6274,87.1094,29.2737
10.7190,71.1308,87.1052,29.3087
10.8280,76.0635,87.1029,29.2476
10.9380,71.5456,87.0993,29.1787
11.0470,72.9339,87.0970,29.2382
11.1560,70.1436,87.0944,29.2073
11.2660,72.7028,87.0915,29.1997
11.3750,79.1258,87.0894,29.2219
11.4850,74.0452,87.0871,29.3217
11.5940,72.7407,87.0846,29.2528
11.7030,70.9340,87.0831,29.1932
11.8130,78.0442,87.0807,29.2977
11.9220,78.0585,87.0795,29.2392
12.0310,74.5316,87.0772,29.2268
12.1410,75.1977,87.0732,29.1983
12.2500,74.7044,87.0706,29.1350
12.3600,75.5557,87.0681,29.2265
12.4690,73.5756,87.0646,29.2664
12.5780,72.2938,87.0628,29.2481
12.6880,74.2766,87.0589,29.2021
12.7970,75.5765,87.0568,29.2888
12.9060,78.6613,87.0531,29.2205
13.0160,73.6737,87.0502,29.1907
13.1250,76.9411,87.0475,29.2029
13.2350,75.5657,87.0460,29.1726
13.3440,76.8110,87.0429,29.1217
13.4530,78.2525,87.0388,29.2722
13.5630,81.0610,87.0363,29.2064
13.6720,80.6803,87.0325,29.2042
13.7810,78.8987,87.0290,29.1916
13.8910,81.5564,87.0253,29.1674
14.0000,75.0781,87.0227,29.2149
14.1100,74.7574,87.0194,29.1340
14.2190,82.2671,87.0168,29.1851
14.3280,78.0698,87.0145,29.2376
14.4380,80.2347,87.0132,29.1660
14.5470,76.1774,87.0095,29.2280
14.6560,78.2131,87.0075,29.1757
14.7660,74.8067,87.0055,29.1654
14.8750,79.7676,87.0039,29.2385
14.9850,78.3875,87.0014,29.1590
15.0940,78.2917,86.9998,29.1711
15.2030,81.6154,86.9969,29.0886
15.3130,78.8236,86.9940,29.1224
15.4220,81.0953,86.9905,29.1082
15.5310,80.9118,86.9858,29.1411
15.6410,79.6949,86.9826,29.1726
15.7500,79.6873,86.9801,29.1573
15.8600,78.1896,86.9767,29.1742
15.9690,79.5541,86.9743,29.1951
16.0780,80.0249,86.9707,29.0972
16.1880,80.6764,86.9672,29.1403
16.2970,84.6852,86.9655,29.0972
16.4060,81.7749,86.9620,29.1528
16.5160,81.9701,86.9585,29.0569
16.6250,81.2974,86.9548,29.1246
16.7350,81.1395,86.9523,29.0775
16.8440,79.6559,86.9488,29.1283
16.9530,82.5948,86.9468,29.0921
17.0630,76.1836,86.9449,29.1026
17.1720,81.3452,86.9433,29.0668
17.2810,78.4789,86.9403,29.0264
17.3910,78.8529,86.9362,29.1103
17.5000,78.2553,86.9331,29.1162
17.6100,78.4056,86.9300,29.0643
17.7190,77.8320,86.9267,29.0832
17.8280,80.5110,86.9236,29.0941
17.9380,77.1382,86.9212,29.1359
18.0470,80.8024,86.9181,29.1376
18.1560,83.2359,86.9168,29.0449
18.2660,80.9177,86.9145,29.0572
18.3750,76.4702,86.9113,29.0652
18.4850,82.0127,86.9076,29.1115
18.5940,82.7702,86.9033,29.1351
18.7030,85.5650,86.9002,29.0660
18.8130,82.5107,86.8975,29.0468
18.9220,76.9442,86.8954,29.0574
19.0310,81.2406,86.8920,29.0751
19.1410,83.6788,86.8908,29.0988
19.2500,79.7684,86.8871,29.0060
19.3600,79.4750,86.8826,29.0305
19.4690,83.9984,86.8815,28.9715
19.5780,78.5660,86.8782,29.0581
19.6880,82.7502,86.8764,29.0724
19.7970,82.4889,86.8730,28.9691
19.9060,79.4460,86.8701,29.0043
20.0160,83.7544,86.8681,29.0070
20.1250,77.5194,86.8652,29.0251
20.2350,86.4518,86.8622,28.9792
20.3440,79.3089,86.8587,28.9990
20.4530,82.0087,86.8535,28.9922
20.5630,79.3047,86.8514,28.9833
20.6720,78.1737,86.8470,29.0164
20.7810,84.8297,86.8432,29.0488
20.8910,80.4305,86.8402,28.9946
21.0000,81.5070,86.8378,29.0120
21.1100,78.7183,86.8341,29.0252
21.2190,79.3880,86.8308,28.9934
21.3280,82.4525,86.8290,28.9651
21.4380,80.6062,86.8260,28.9547
21.5470,80.9209,86.8235,29.0346
21.6560,84.9064,86.8222,28.9539
21.7660,83.7906,86.8192,28.9435
21.8750,78.3593,86.8181,28.9514
21.9850,82.5441,86.8165,28.9202
22.0940,80.6186,86.8135,28.8719
22.2030,79.8898,86.8098,28.9314
22.3130,77.4161,86.8069,28.8770
22.4220,77.7579,86.8044,28.9949
22.5310,77.0919,86.8023,28.8952
22.6410,75.8303,86.8000,28.8342
22.7500,82.1251,86.7970,28.8971
22.8600,80.2165,86.7950,28.9400
22.9690,77.7568,86.7913,28.9374
23.0780,75.7580,86.7874,28.9193
23.1880,79.9772,86.7849,28.9414
23.2970,80.6124,86.7825,28.9015
23.4060,81.6026,86.7789,28.9549
23.5160,79.5574,86.7747,28.8865
23.6250,75.8116,86.7703,28.9070
23.7350,76.7974,86.7663,28.9598
23.8440,77.8694,86.7638,28.9243
23.9530,77.5500,86.7609,28.9018
24.0630,80.3733,86.7568,28.9123
24.1720,78.9973,86.7540,28.8813
24.2810,83.4066,86.7487,28.9278
24.3910,79.1739,86.7457,28.8483
24.5000,76.6469,86.7421,28.9118
24.6100,81.4148,86.7389,28.8862
24.7190,79.0688,86.7362,28.9187
24.8280,77.8425,86.7347,28.7870
24.9380,79.2877,86.7320,28.8508
25.0470,81.9819,86.7301,28.8774
25.1560,75.8781,86.7288,28.8442
25.2660,75.9095,86.7265,28.8778
25.3750,75.7263,86.7257,28.9351
25.4850,76.6499,86.7219,28.8459
25.5940,80.5420,86.7189,28.7636
25.7030,71.7481,86.7173,28.8670
25.8130,75.1452,86.7120,28.7854
25.9220,75.6610,86.7092,28.8256
26.0310,75.6528,86.7074,28.7952
26.1410,77.1469,86.7043,28.8284
26.2500,78.5008,86.7040,28.8958
26.3600,79.8444,86.7022,28.7803
26.4690,77.4400,86.6983,28.8165
26.5780,76.3392,86.6965,28.8525
26.6880,73.8291,86.6952,28.7514
26.7970,74.1413,86.6925,28.7413
26.9060,75.8123,86.6884,28.7509
27.0160,72.5452,86.6858,28.7989
27.1250,79.5660,86.6842,28.7996
27.2350,74.5007,86.6808,28.7736
27.3440,75.3012,86.6772,28.7893
27.4530,75.5026,86.6741,28.7597
27.5630,72.1318,86.6706,28.7525
27.6720,71.4233,86.6691,28.7547
27.7810,75.2281,86.6669,28.7474
27.8910,76.5813,86.6642,28.8146
28.0000,73.5385,86.6622,28.7399
28.1100,73.9154,86.6589,28.7296
28.2190,75.7937,86.6567,28.7215
28.3280,74.5289,86.6539,28.7294
28.4380,73.8969,86.6508,28.7201
28.5470,71.8841,86.6485,28.7975
28.6560,71.3156,86.6460,28.7645
28.7660,71.8720,86.6421,28.7064
28.8750,72.0723,86.6391,28.7482
28.9850,74.5694,86.6362,28.7265
29.0940,68.6762,86.6334,28.7693
29.2030,71.8359,86.6301,28.6845
29.3130,68.8968,86.6267,28.6802
29.4220,74.7486,86.6255,28.7475
29.5310,70.7004,86.6224,28.6253
29.6410,70.6367,86.6194,28.6567
29.7500,73.9391,86.6164,28.6687
29.8600,73.3624,86.6147,28.6840
29.9690,73.3752,86.6123,28.6786
30.0780,72.1413,86.6096,28.6573
30.1880,65.3561,86.6055,28.7572
30.2970,72.9467,86.6038,28.7072
30.4060,69.1694,86.6012,28.6768
30.5160,70.9027,86.5982,28.7119
30.6250,73.1005,86.5931,28.5561
30.7350,73.9284,86.5902,28.6621
30.8440,72.6402,86.5887,28.6552
30.9530,72.2953,86.5851,28.6275
31.0630,69.1280,86.5826,28.7147
31.1720,68.6069,86.5804,28.6107
31.2810,64.5975,86.5775,28.6104
31.3910,71.1008,86.5747,28.6898
31.5000,64.4316,86.5726,28.7503
31.6100,67.3937,86.5691,28.6035
31.7190,72.3084,86.5655,28.6370
31.8280,67.4487,86.5634,28.6634
31.9380,65.8305,86.5595,28.6140
32.0470,64.1109,86.5553,28.6323
32.1560,67.6721,86.5539,28.5371
32.2660,69.1118,86.5525,28.5578
32.3750,66.7658,86.5485,28.6650
32.4850,66.5107,86.5465,28.5386
32.5940,63.7190,86.5431,28.5916
32.7030,66.8750,86.5422,28.6117
32.8130,70.8703,86.5395,28.5594
32.9220,65.7358,86.5370,28.5375
33.0310,63.1210,86.5340,28.5391
33.1410,65.0082,86.5314,28.6107
33.2500,66.2349,86.5276,28.5422
33.3600,67.4613,86.5241,28.5560
33.4690,61.2409,86.5231,28.6273
33.5780,62.5412,86.5210,28.5196
33.6880,65.0490,86.5187,28.5263
33.7970,63.0092,86.5150,28.5200
33.9060,64.7152,86.5102,28.5785
34.0160,60.2671,86.5065,28.4768
34.1250,63.0075,86.5036,28.5009
34.2350,62.4155,86.5002,28.5061
34.3440,65.7915,86.4983,28.5010
34.4530,63.9822,86.4949,28.5630
34.5630,65.6800,86.4912,28.4590
34.6720,61.1669,86.4866,28.6307
34.7810,62.7830,86.4844,28.5174
34.8910,60.3411,86.4803,28.4981
35.0000,59.9357,86.4778,28.4906
35.1100,61.9975,86.4754,28.5013
35.2190,58.2191,86.4713,28.5047
35.3280,61.7619,86.4679,28.5363
35.4380,62.4470,86.4652,28.4402
35.5470,65.0480,86.4619,28.4960
35.6560,61.3133,86.4596,28.4396
35.7660,57.0517,86.4585,28.4809
35.8750,62.0374,86.4568,28.4481
35.9850,60.0840,86.4543,28.4968
36.0940,53.6338,86.4509,28.4520
36.2030,58.1123,86.4474,28.4475
36.3130,60.4671,86.4445,28.4837
36.4220,55.8283,86.4417,28.4448
36.5310,59.2916,86.4386,28.4362
36.6410,58.1566,86.4359,28.4005
36.7500,57.1746,86.4323,28.4211
36.8600,55.3133,86.4294,28.4566
36.9690,56.4606,86.4258,28.3732
37.0780,55.4115,86.4216,28.4519
37.1880,56.9250,86.4173,28.3861
37.2970,56.7693,86.4149,28.4705
37.4060,55.4964,86.4132,28.3372
37.5160,55.1095,86.4104,28.4545
37.6250,55.7911,86.4074,28.4604
37.7350,52.3842,86.4023,28.4782
37.8440,52.6008,86.3996,28.3930
37.9530,51.2130,86.3968,28.4191
38.0630,52.1253,86.3941,28.3878
38.1720,50.0581,86.3908,28.3632
38.2810,54.5426,86.3891,28.3719
38.3910,52.2746,86.3885,28.3439
38.5000,53.4804,86.3863,28.3331
38.6100,54.1971,86.3826,28.3800
38.7190,47.6335,86.3814,28.2868
38.8280,51.4158,86.3799,28.3468
38.9380,50.0756,86.3763,28.3348
39.0470,51.9419,86.3736,28.3827
39.1560,54.4900,86.3719,28.2804
39.2660,50.4711,86.3664,28.2935
39.3750,49.9475,86.3640,28.2447
39.4850,44.0696,86.3617,28.4044
39.5940,44.3354,86.3595,28.3137
39.7030,49.5786,86.3579,28.2889
39.8130,48.7187,86.3554,28.2598
39.9220,50.0238,86.3528,28.2360
40.0310,50.7152,86.3503,28.3123
40.1410,50.1306,86.3485,28.2030
40.2500,47.8569,86.3459,28.2786
40.3600,49.5770,86.3423,28.2621
40.4690,45.0482,86.3394,28.3144
40.5780,44.9388,86.3348,28.2814
40.6880,48.8628,86.3318,28.2481
40.7970,50.0881,86.3286,28.2730
40.9060,48.5323,86.3239,28.2993
41.0160,42.6103,86.3204,28.1845
41.1250,44.9833,86.3161,28.3222
41.2350,47.9830,86.3143,28.2210
41.3440,45.6687,86.3122,28.3032
41.4530,47.1084,86.3097,28.2459
41.5630,45.8455,86.3067,28.2188
41.6720,46.6355,86.3015,28.1472
41.7810,41.7194,86.2986,28.1911
41.8910,47.4907,86.2954,28.2272
42.0000,39.2403,86.2917,28.2455
42.1100,41.7418,86.2879,28.2328
42.2190,47.5175,86.2852,28.2292
42.3280,45.9813,86.2826,28.2561
42.4380,40.4137,86.2801,28.2215
42.5470,39.1934,86.2774,28.1934
42.6560,41.3918,86.2729,28.1296
42.7660,41.1554,86.2695,28.1697
42.8750,45.0257,86.2669,28.1832
42.9850,38.1765,86.2632,28.1570
43.0940,41.9968,86.2605,28.1822
43.2030,41.9986,86.2574,28.1418
43.3130,41.2588,86.2540,28.1627
43.4220,41.2989,86.2503,28.1058
43.5310,42.2315,86.2476,28.1015
43.6410,41.7779,86.2441,28.1694
43.7500,44.1321,86.2408,28.0906
43.8600,43.8384,86.2364,28.1294
43.9690,40.8043,86.2343,28.1471
44.0780,41.1255,86.2303,28.1711
44.1880,38.8289,86.2280,28.0913
44.2970,39.9670,86.2228,28.1802
44.4060,35.6802,86.2200,28.0950
44.5160,35.6688,86.2168,28.0976
44.6250,38.8683,86.2157,28.0434
44.7350,39.1896,86.2125,28.1173
44.8440,35.1131,86.2076,28.0577
44.9530,38.6111,86.2067,28.0652
45.0630,40.5961,86.2049,28.0205
45.1720,39.8053,86.2039,28.1010
45.2810,37.7052,86.2006,28.1363
45.3910,37.3536,86.1978,28.1001
45.5000,38.4368,86.1953,28.0670
45.6100,35.9475,86.1914,28.1071
45.7190,37.1610,86.1895,27.9959
45.8280,36.3144,86.1876,28.0250
45.9380,36.4786,86.1853,28.0108
46.0470,32.0787,86.1826,28.0052
46.1560,35.2618,86.1791,28.0414
46.2660,33.9734,86.1783,27.9741
46.3750,33.0471,86.1734,27.9433
46.4850,36.4033,86.1693,27.9467
46.5940,34.3403,86.1670,27.9492
46.7030,32.7497,86.1641,27.9317
46.8130,31.8461,86.1615,27.9475
46.9220,34.4465,86.1578,27.9720
47.0310,31.4229,86.1529,28.0471
47.1410,35.8720,86.1513,27.9802
47.2500,35.1563,86.1488,27.9871
47.3600,31.8252,86.1439,27.9988
47.4690,30.7950,86.1410,27.9714
47.5780,31.3841,86.1367,27.9196
47.6880,35.6446,86.1335,27.9421
47.7970,32.4445,86.1315,28.0271
47.9060,34.3059,86.1268,27.9034
48.0160,28.9936,86.1241,27.8767
48.1250,30.0933,86.1223,27.9460
48.2350,33.1508,86.1173,27.8939
48.3440,34.3623,86.1135,27.9261
48.4530,27.7114,86.1098,27.9174
48.5630,31.6077,86.1097,27.8599
48.6720,28.7309,86.1066,27.9198
48.7810,32.3377,86.1018,27.9624
48.8910,33.5036,86.0978,27.8971
49.0000,27.6742,86.0971,27.8550
49.1100,31.4351,86.0955,27.8666
49.2190,31.2032,86.0911,27.8917
49.3280,28.7133,86.0889,27.8911
49.4380,32.1088,86.0858,27.8286
49.5470,29.0771,86.0844,27.9277
49.6560,30.2532,86.0806,27.8635
49.7660,30.4966,86.0783,27.8344
49.8750,29.6977,86.0759,27.8195
49.9850,23.3540,86.0725,27.9131
50.0940,29.5292,86.0684,27.8695
50.2030,31.6720,86.0634,27.7647
50.3130,27.9768,86.0614,27.7831
50.4220,28.3749,86.0589,27.9065
50.5310,28.5048,86.0547,27.8289
50.6410,27.6859,86.0512,27.8316
50.7500,21.4402,86.0476,27.8013
50.8600,25.5429,86.0450,27.8223
50.9690,25.5546,86.0431,27.8718
51.0780,27.6008,86.0418,27.8332
51.1880,30.2253,86.0395,27.7814
51.2970,26.1639,86.0363,27.7838
51.4060,27.5118,86.0351,27.8018
51.5160,32.3552,86.0315,27.8024
51.6250,24.8194,86.0286,27.7344
51.7350,27.5803,86.0252,27.7587
51.8440,26.5023,86.0225,27.6956
51.9530,27.8177,86.0197,27.7111
52.0630,29.9567,86.0176,27.7794
52.1720,26.4304,86.0141,27.7699
52.2810,22.8306,86.0114,27.8377
52.3910,24.4848,86.0088,27.7318
52.5000,22.8973,86.0070,27.7572
52.6100,29.2336,86.0039,27.6344
52.7190,21.9256,86.0015,27.6758
52.8280,27.9345,85.9973,27.7007
52.9380,24.6998,85.9940,27.7223
53.0470,24.9012,85.9907,27.6997
53.1560,19.4624,85.9860,27.7403
53.2660,25.3380,85.9826,27.6661
53.3750,20.4647,85.9791,27.6985
53.4850,22.6197,85.9776,27.6780
53.5940,21.7264,85.9741,27.6603
53.7030,22.7411,85.9726,27.5937
53.8130,25.3166,85.9707,27.6815
53.9220,22.8894,85.9660,27.6452
54.0310,25.6161,85.9624,27.6043
54.1410,22.8602,85.9607,27.6223
54.2500,21.2815,85.9581,27.6089
54.3600,24.8366,85.9550,27.5973
54.4690,22.0784,85.9532,27.6128
54.5780,26.3267,85.9485,27.6065
54.6880,21.2281,85.9460,27.5862
54.7970,24.0808,85.9426,27.6272
54.9060,21.5945,85.9397,27.5657
55.0160,18.3995,85.9350,27.5664
55.1250,24.8922,85.9325,27.6000
55.2350,25.0897,85.9294,27.5515
55.3440,20.1260,85.9258,27.6165
55.4530,24.9407,85.9217,27.6132
55.5630,24.7699,85.9183,27.5388
55.6720,22.9353,85.9153,27.5087
55.7810,24.6908,85.9113,27.5644
55.8910,20.2799,85.9083,27.5810
56.0000,24.6747,85.9046,27.5582
56.1100,21.7423,85.9015,27.4703
56.2190,23.6711,85.8988,27.4974
56.3280,22.2185,85.8939,27.5380
56.4380,21.6216,85.8920,27.5291
56.5470,18.9631,85.8879,27.4992
56.6560,22.8744,85.8846,27.4557
56.7660,23.3576,85.8809,27.5188
56.8750,23.0709,85.8787,27.5299
56.9850,19.2682,85.8764,27.5492
57.0940,23.4082,85.8733,27.4984
57.2030,25.3366,85.8688,27.5220
57.3130,24.7896,85.8678,27.4613
57.4220,21.1781,85.8644,27.5396
57.5310,22.4531,85.8612,27.4217
57.6410,21.5508,85.8558,27.4670
57.7500,18.4351,85.8536,27.4751
57.8600,23.3384,85.8504,27.4134
57.9690,22.8651,85.8458,27.5491
58.0780,18.9094,85.8425,27.4522
58.1880,19.4397,85.8388,27.4315
58.2970,24.4043,85.8351,27.4462
58.4060,21.9805,85.8329,27.4044
58.5160,20.4448,85.8296,27.4334
58.6250,21.4524,85.8269,27.4370
58.7350,24.1197,85.8236,27.4164
58.8440,26.8032,85.8205,27.4544
58.9530,20.2241,85.8176,27.4150
59.0630,21.2042,85.8159,27.3675
59.1720,25.9078,85.8127,27.4904
59.2810,19.0180,85.8101,27.3965
59.3910,23.7162,85.8080,27.3565
59.5000,24.9495,85.8058,27.3125
59.6100,22.5904,85.8019,27.3300
59.7190,23.3790,85.8005,27.3470
59.8280,21.1747,85.7985,27.3704
59.9380,20.9619,85.7939,27.3157
60.0470,21.5127,85.7906,27.3210
60.1560,24.6862,85.7897,27.2794
60.2660,25.3213,85.7865,27.3503
60.3750,18.7625,85.7841,27.4201
60.4850,19.8044,85.7820,27.2798
60.5940,18.2994,85.7806,27.3031
60.7030,24.0606,85.7774,27.3039
60.8130,20.2029,85.7731,27.3026
60.9220,23.3488,85.7708,27.3350
61.0310,27.7756,85.7692,27.3056
61.1410,18.5918,85.7640,27.2260
61.2500,19.6628,85.7615,27.3124
61.3600,23.1524,85.7592,27.2325
61.4690,25.0219,85.7545,27.3343
61.5780,19.0529,85.7517,27.2839
61.6880,26.7240,85.7492,27.2261
61.7970,23.8151,85.7468,27.2839
61.9060,26.6670,85.7447,27.2624
62.0160,19.8308,85.7412,27.1976
62.1250,28.0850,85.7387,27.2878
62.2350,24.2246,85.7359,27.2450
62.3440,21.1641,85.7319,27.2107
62.4530,19.3666,85.7296,27.2582
62.5630,20.2016,85.7291,27.2270
62.6720,30.1483,85.7278,27.2397
62.7810,17.9746,85.7239,27.2282
62.8910,17.7870,85.7226,27.1552
63.0000,18.0216,85.7202,27.1843
63.1100,24.6764,85.7183,27.1334
63.2190,22.8124,85.7165,27.2386
63.3280,24.9363,85.7135,27.1651
63.4380,23.0980,85.7093,27.1980
63.5470,24.5280,85.7076,27.1409
63.6560,20.9645,85.7051,27.2054
63.7660,26.0557,85.7028,27.0973
63.8750,23.6530,85.6987,27.1571
63.9850,24.7663,85.6965,27.1800
64.0940,25.4297,85.6951,27.1355
64.2030,21.9484,85.6897,27.1515
64.3130,25.3737,85.6861,27.1659
64.4220,24.8217,85.6835,27.1470
64.5310,24.8409,85.6814,27.0998
64.6410,25.3579,85.6770,27.1702
64.7500,21.3360,85.6747,27.1196
64.8600,23.3750,85.6711,27.1153
64.9690,24.2872,85.6699,27.1649
65.0780,23.5455,85.6670,27.0925
65.1880,28.7639,85.6641,27.1520
65.2970,27.6601,85.6616,27.0840
65.4060,22.8775,85.6585,27.1195
65.5160,21.6995,85.6572,26.9787
65.6250,27.9470,85.6573,27.0728
65.7350,24.9184,85.6550,27.0542
65.8440,24.7719,85.6545,27.0252
65.9530,26.3503,85.6524,27.0405
66.0630,29.8826,85.6482,27.0020
66.1720,26.2119,85.6432,27.0337
66.2810,26.2542,85.6403,27.0380
66.3910,30.8086,85.6373,27.1179
66.5000,27.3518,85.6342,27.0442
66.6100,25.3268,85.6321,27.0021
66.7190,25.9978,85.6295,27.0263
66.8280,27.6122,85.6278,26.9648
66.9380,26.2722,85.6243,26.9574
67.0470,25.1942,85.6228,27.0105
67.1560,28.7724,85.6196,27.0405
67.2660,31.4368,85.6176,26.9997
67.3750,28.5372,85.6138,26.9093
67.4850,23.9171,85.6114,26.9230
67.5940,28.6782,85.6075,26.8839
67.7030,28.8868,85.6045,26.8981
67.8130,26.7123,85.6010,26.9409
67.9220,28.1006,85.5980,27.0315
68.0310,26.5553,85.5961,26.8955
68.1410,30.9297,85.5930,26.9490
68.2500,28.6075,85.5899,26.9117
68.3600,29.8371,85.5875,26.9577
68.4690,28.2871,85.5841,26.9890
68.5780,31.8010,85.5785,26.9278
68.6880,28.6570,85.5760,26.9518
68.7970,31.0944,85.5727,26.8976
68.9060,23.8914,85.5689,26.8869
69.0160,30.5568,85.5655,26.9355
69.1250,32.6747,85.5624,26.8635
69.2350,29.3524,85.5598,26.9126
69.3440,28.1349,85.5570,26.9224
69.4530,34.0861,85.5530,26.8734
69.5630,30.4249,85.5495,26.8936
69.6720,34.3089,85.5466,26.8812
69.7810,29.7264,85.5431,26.8228
69.8910,28.6329,85.5382,26.9266
70.0000,35.8649,85.5355,26.8450
70.1100,33.1986,85.5300,26.8862
70.2190,30.6893,85.5252,26.7983
70.3280,30.9389,85.5218,26.8550
70.4380,31.4773,85.5183,26.9060
70.5470,32.1600,85.5159,26.8274
70.6560,36.5117,85.5133,26.8379
70.7660,30.5685,85.5093,26.7493
70.8750,32.4123,85.5060,26.7060
70.9850,36.6110,85.4999,26.7541
71.0940,33.7086,85.4986,26.8177
71.2030,35.7463,85.4953,26.8489
71.3130,36.3979,85.4932,26.8433
71.4220,33.0787,85.4886,26.7177
71.5310,34.3326,85.4857,26.7586
71.6410,36.4159,85.4821,26.7262
71.7500,35.3244,85.4777,26.7916
71.8600,36.6545,85.4732,26.7867
71.9690,33.5237,85.4696,26.7024
72.0780,33.6194,85.4672,26.7118
72.1880,38.6766,85.4629,26.7431
72.2970,38.7380,85.4605,26.6681
72.4060,38.4711,85.4584,26.6640
72.5160,40.5772,85.4556,26.7559
72.6250,35.3829,85.4525,26.6629
72.7350,38.3708,85.4482,26.6669
72.8440,35.9103,85.4438,26.7069
72.9530,40.4339,85.4404,26.7279
73.0630,35.7042,85.4388,26.7471
73.1720,38.5406,85.4359,26.7111
73.2810,39.1979,85.4331,26.6852
73.3910,36.9288,85.4281,26.6753
73.5000,35.3635,85.4248,26.6172
73.6100,38.0828,85.4211,26.6483
73.7190,41.0211,85.4182,26.7837
73.8280,38.8688,85.4142,26.6729
73.9380,41.4205,85.4115,26.5662
74.0470,41.5307,85.4086,26.6200
74.1560,43.8321,85.4057,26.6618
74.2660,42.5515,85.4019,26.6082
74.3750,40.8192,85.3983,26.6047
74.4850,41.4218,85.3962,26.6116
74.5940,38.7279,85.3922,26.6224
74.7030,41.8980,85.3877,26.6267
74.8130,47.1803,85.3843,26.5385
74.9220,41.7767,85.3818,26.5474
75.0310,39.6531,85.3786,26.5604
75.1410,42.1301,85.3752,26.5920
75.2500,43.6244,85.3720,26.6801
75.3600,40.7734,85.3679,26.5864
75.4690,42.8620,85.3645,26.5582
75.5780,45.6163,85.3630,26.5905
75.6880,48.1012,85.3610,26.5455
75.7970,46.4648,85.3578,26.6071
75.9060,42.3351,85.3549,26.5655
76.0160,42.4939,85.3509,26.5748
76.1250,47.5677,85.3470,26.5290
76.2350,43.2156,85.3422,26.5364
76.3440,46.7715,85.3386,26.5242
76.4530,45.0455,85.3359,26.5958
76.5630,46.9457,85.3317,26.4984
76.6720,47.3227,85.3296,26.5472
76.7810,49.3260,85.3266,26.5936
76.8910,41.6086,85.3230,26.5318
77.0000,49.0759,85.3191,26.5057
77.1100,51.1368,85.3178,26.4828
77.2190,49.1236,85.3139,26.4833
77.3280,49.0121,85.3098,26.4552
77.4380,45.5033,85.3055,26.5454
77.5470,53.0292,85.3022,26.4260
77.6560,48.1915,85.2979,26.4316
77.7660,52.2895,85.2962,26.4163
77.8750,44.5911,85.2938,26.4637
77.9850,50.2305,85.2901,26.4015
78.0940,49.7615,85.2875,26.4274
78.2030,50.8138,85.2856,26.4631
78.3130,47.7854,85.2818,26.4340
78.4220,51.0607,85.2762,26.4382
78.5310,53.3990,85.2727,26.4192
78.6410,51.4803,85.2686,26.4620
78.7500,53.0558,85.2646,26.4315
78.8600,46.8692,85.2608,26.3991
78.9690,57.7398,85.2578,26.4469
79.0780,52.1618,85.2529,26.3673
79.1880,55.0111,85.2489,26.4215
79.2970,51.4053,85.2458,26.3888
79.4060,50.5932,85.2434,26.4704
79.5160,55.0928,85.2419,26.4118
79.6250,53.4171,85.2373,26.4276
79.7350,54.0374,85.2338,26.3662
79.8440,52.9747,85.2313,26.4012
79.9530,54.5844,85.2284,26.2904
80.0630,59.8724,85.2246,26.3526
80.1720,51.2438,85.2215,26.3505
80.2810,54.0537,85.2173,26.2755
80.3910,52.2450,85.2134,26.3973
80.5000,54.0125,85.2103,26.3803
80.6100,58.7209,85.2089,26.4303
80.7190,59.7669,85.2035,26.3461
80.8280,59.1391,85.2030,26.2887
80.9380,56.8019,85.2007,26.2695
81.0470,55.8599,85.1982,26.3243
81.1560,57.1153,85.1964,26.2478
81.2660,57.2286,85.1943,26.3137
81.3750,55.8301,85.1900,26.3220
81.4850,62.0627,85.1866,26.3938
81.5940,57.8087,85.1832,26.2699
81.7030,57.8487,85.1807,26.2259
81.8130,60.6831,85.1795,26.3900
81.9220,57.8929,85.1764,26.3468
82.0310,60.2653,85.1717,26.2971
82.1410,61.3285,85.1665,26.2343
82.2500,60.8648,85.1630,26.2790
82.3600,61.4602,85.1595,26.2490
82.4690,56.4817,85.1562,26.2697
82.5780,61.0012,85.1534,26.2710
82.6880,58.3573,85.1498,26.2855
82.7970,59.6805,85.1474,26.2007
82.9060,59.8612,85.1440,26.1828
83.0160,60.5901,85.1421,26.2467
83.1250,61.1901,85.1390,26.1954
83.2350,65.5138,85.1384,26.1843
83.3440,65.5528,85.1347,26.2130
83.4530,62.8947,85.1319,26.1661
83.5630,65.1274,85.1282,26.2354
83.6720,63.7662,85.1245,26.2399
83.7810,64.0086,85.1234,26.2605
83.8910,60.4862,85.1209,26.1935
84.0000,64.7434,85.1178,26.1884
84.1100,66.0906,85.1149,26.0773
84.2190,64.0954,85.1104,26.1840
84.3280,65.1343,85.1081,26.1000
84.4380,64.6765,85.1027,26.1633
84.5470,65.7871,85.0991,26.1558
84.6560,66.4938,85.0960,26.1140
84.7660,67.4181,85.0935,26.1165
84.8750,62.5897,85.0908,25.9799
84.9850,63.4915,85.0867,26.0847
85.0940,69.4190,85.0838,26.1838
85.2030,64.4281,85.0819,26.1266
85.3130,66.0732,85.0787,26.0695
85.4220,70.8905,85.0755,26.0460
85.5310,66.8943,85.0723,26.1188
85.6410,67.2970,85.0694,26.0792
85.7500,68.0998,85.0669,26.0682
85.8600,66.5334,85.0650,26.0315
85.9690,67.1508,85.0620,26.1069
86.0780,63.2398,85.0592,26.0639
86.1880,64.2359,85.0549,26.0290
86.2970,69.0906,85.0542,26.0889
86.4060,68.6365,85.0509,25.9967
86.5160,72.1584,85.0496,26.1238
86.6250,71.6222,85.0464,26.0708
86.7350,66.4745,85.0427,26.1001
86.8440,69.4551,85.0401,26.0452
86.9530,66.0482,85.0373,25.9659
87.0630,69.1609,85.0363,25.9692
87.1720,73.5538,85.0334,25.9565
87.2810,75.8644,85.0314,26.0097
87.3910,67.5519,85.0275,26.0483
87.5000,66.7791,85.0235,25.9957
87.6100,69.4550,85.0219,26.0407
87.7190,68.3718,85.0181,25.9498
87.8280,71.3725,85.0146,26.0157
87.9380,72.5389,85.0125,26.0275
88.0470,74.0642,85.0096,26.0111
88.1560,69.6737,85.0067,26.0474
88.2660,72.1972,85.0042,25.9695
88.3750,76.5078,85.0013,25.9243
88.4850,71.7652,84.9983,25.9372
88.5940,69.5541,84.9940,25.9703
88.7030,74.1778,84.9912,25.9601
88.8130,68.0566,84.9895,25.9337
88.9220,75.7926,84.9851,25.8986
89.0310,73.5339,84.9821,25.9803
89.1410,72.1360,84.9784,25.8883
89.2500,69.8717,84.9774,25.9030
89.3600,75.9096,84.9745,25.9610
89.4690,76.4916,84.9703,25.9173
89.5780,74.7481,84.9673,25.9159
89.6880,73.0957,84.9652,25.9062
89.7970,75.1350,84.9617,25.9221
89.9060,74.3304,84.9583,25.9018
90.0160,73.6458,84.9553,25.8070
90.1250,75.3711,84.9523,25.9467
90.2350,75.1175,84.9478,25.9428
90.3440,74.8139,84.9450,25.8534
90.4530,79.1269,84.9433,25.8394
90.5630,76.4683,84.9394,25.8550
90.6720,75.1804,84.9364,25.9017
90.7810,74.3994,84.9333,25.8770
90.8910,78.2694,84.9302,25.8589
91.0000,76.2249,84.9279,25.9248
91.1100,77.3805,84.9246,25.8748
91.2190,75.1925,84.9238,25.8097
91.3280,76.5926,84.9198,25.8066
91.4380,74.7301,84.9168,25.8382
91.5470,81.4846,84.9142,25.7741
91.6560,77.8548,84.9104,25.7816
91.7660,74.8805,84.9075,25.7682
91.8750,78.4686,84.9056,25.8297
91.9850,79.1448,84.9022,25.7487
92.0940,69.5966,84.8985,25.8015
92.2030,78.7853,84.8966,25.7836
92.3130,80.4780,84.8940,25.7693
92.4220,79.4578,84.8907,25.8313
92.5310,79.7082,84.8867,25.7960
92.6410,74.4522,84.8837,25.8552
92.7500,76.0296,84.8803,25.8109
92.8600,79.2918,84.8764,25.7632
92.9690,80.0563,84.8734,25.8279
93.0780,76.6091,84.8686,25.7049
93.1880,82.8609,84.8664,25.7376
93.2970,78.7414,84.8628,25.7454
93.4060,76.5653,84.8621,25.6863
93.5160,79.4446,84.8584,25.7602
93.6250,76.4128,84.8548,25.7173
93.7350,79.3250,84.8512,25.7015
93.8440,76.2833,84.8486,25.7371
93.9530,77.9344,84.8442,25.7631
94.0630,81.6216,84.8407,25.6998
94.1720,78.2789,84.8373,25.7527
94.2810,77.9157,84.8325,25.6584
94.3910,79.3633,84.8303,25.6610
94.5000,77.9831,84.8275,25.6686
94.6100,83.7211,84.8246,25.6914
94.7190,82.8384,84.8211,25.7059
94.8280,80.9724,84.8170,25.6779
94.9380,75.5291,84.8140,25.7010
95.0470,77.5810,84.8100,25.6267
95.1560,83.5162,84.8058,25.5870
95.2660,81.0485,84.8035,25.6699
95.3750,82.5321,84.7991,25.6984
95.4850,81.2452,84.7958,25.7172
95.5940,82.2200,84.7919,25.5958
95.7030,80.6478,84.7883,25.6990
95.8130,79.6154,84.7875,25.6496
95.9220,81.8707,84.7835,25.6871
96.0310,80.0045,84.7804,25.7086
96.1410,83.9377,84.7770,25.5880
96.2500,79.6120,84.7753,25.7164
96.3600,79.1201,84.7720,25.6535
96.4690,82.1699,84.7686,25.6383
96.5780,80.1308,84.7649,25.6442
96.6880,80.9201,84.7626,25.5490
96.7970,82.9493,84.7603,25.6723
96.9060,79.4370,84.7560,25.6357
97.0160,82.2177,84.7538,25.5323
97.1250,81.8375,84.7496,25.5363
97.2350,78.3808,84.7482,25.5486
97.3440,79.1821,84.7450,25.5711
97.4530,83.4689,84.7427,25.5158
97.5630,81.5595,84.7397,25.5477
97.6720,81.2382,84.7366,25.5132
97.7810,76.8047,84.7363,25.5627
97.8910,78.6872,84.7328,25.5893
98.0000,83.5117,84.7284,25.5201
98.1100,82.5373,84.7253,25.5828
98.2190,79.6727,84.7209,25.5774
98.3280,79.0463,84.7184,25.5642
98.4380,84.1098,84.7156,25.5565
98.5470,80.3936,84.7126,25.5420
98.6560,82.1594,84.7081,25.4357
98.7660,80.5529,84.7054,25.5519
98.8750,81.6415,84.7026,25.5092
98.9850,80.0269,84.6995,25.5140
99.0940,81.9254,84.6973,25.4945
99.2030,79.8141,84.6951,25.4182
99.3130,76.5863,84.6923,25.4383
99.4220,84.0064,84.6910,25.4718
99.5310,83.5105,84.6874,25.4852
99.6410,83.5584,84.6833,25.4723
99.7500,78.0430,84.6789,25.4070
99.8600,79.7835,84.6755,25.5132
99.9690,84.5461,84.6730,25.5024
100.0780,85.8804,84.6704,25.5154
100.1880,81.2697,84.6674,25.4572
100.2970,80.1297,84.6656,25.4519
100.4060,76.9342,84.6627,25.4384
100.5160,81.9237,84.6588,25.4320
100.6250,80.1475,84.6545,25.3918
100.7350,78.6065,84.6513,25.4176
100.8440,80.2715,84.6478,25.4367
100.9530,79.0487,84.6456,25.4289
101.0630,80.4156,84.6402,25.4249
101.1720,79.3810,84.6377,25.4337
101.2810,77.8556,84.6343,25.4317
101.3910,81.9734,84.6286,25.4551
101.5000,82.0970,84.6258,25.3802
101.6100,81.4334,84.6228,25.3536
101.7190,79.7089,84.6193,25.3304
101.8280,78.6116,84.6162,25.4222
101.9380,77.2222,84.6120,25.3934
102.0470,79.0582,84.6091,25.3380
102.1560,78.2428,84.6083,25.3577
102.2660,79.8748,84.6037,25.3835
102.3750,76.8166,84.6029,25.3501
102.4850,75.9470,84.6000,25.3684
102.5940,82.3194,84.5973,25.3060
102.7030,78.9598,84.5943,25.3868
102.8130,77.6436,84.5918,25.2359
102.9220,77.7661,84.5888,25.3079
103.0310,82.1801,84.5851,25.3571
103.1410,80.5138,84.5812,25.3549
103.2500,77.7705,84.5774,25.2741
103.3600,76.9679,84.5722,25.3086
103.4690,74.4990,84.5707,25.3201
103.5780,78.7513,84.5674,25.3070
103.6880,75.9177,84.5646,25.3066
103.7970,78.1332,84.5603,25.3392
103.9060,78.1383,84.5578,25.2923
104.0160,82.7477,84.5539,25.2782
104.1250,76.0273,84.5505,25.3213
104.2350,79.2830,84.5469,25.3423
104.3440,75.4228,84.5438,25.3019
104.4530,79.2465,84.5393,25.3278
104.5630,82.6029,84.5375,25.2994
104.6720,81.2310,84.5351,25.3780
104.7810,79.5445,84.5314,25.2692
104.8910,76.6137,84.5298,25.3247
105.0000,76.2854,84.5272,25.2067
105.1100,73.3073,84.5239,25.2542
105.2190,78.3063,84.5188,25.2296
105.3280,79.4363,84.5174,25.2862
105.4380,77.6122,84.5147,25.2307
105.5470,74.6152,84.5118,25.2757
105.6560,70.5998,84.5084,25.2928
105.7660,76.7185,84.5050,25.2366
105.8750,74.0712,84.5005,25.1610
105.9850,75.9357,84.4962,25.2619
106.0940,72.5936,84.4949,25.2265
106.2030,76.9007,84.4930,25.2111
106.3130,75.9584,84.4897,25.2539
106.4220,76.5795,84.4859,25.2743
106.5310,69.9200,84.4849,25.1934
106.6410,74.0988,84.4811,25.2157
106.7500,73.9627,84.4782,25.1565
106.8600,74.8258,84.4732,25.2045
106.9690,67.8099,84.4694,25.1942
107.0780,75.3788,84.4663,25.2274
107.1880,70.9653,84.4642,25.2024
107.2970,72.1268,84.4624,25.2036
107.4060,73.7264,84.4589,25.1571
107.5160,68.8844,84.4552,25.1899
107.6250,71.8706,84.4515,25.1602
107.7350,76.9357,84.4487,25.1606
107.8440,78.7498,84.4458,25.2157
107.9530,68.7585,84.4421,25.2061
108.0630,72.8547,84.4391,25.1831
108.1720,73.2455,84.4356,25.1108
108.2810,72.5851,84.4326,25.0961
108.3910,72.4818,84.4289,25.0996
108.5000,70.2433,84.4268,25.1416
108.6100,68.6024,84.4238,25.1608
108.7190,68.8238,84.4217,25.1330
108.8280,67.6257,84.4176,25.2287
108.9380,72.7731,84.4160,25.1474
109.0470,67.1598,84.4128,25.1834
109.1560,71.9988,84.4094,25.0845
109.2660,68.9820,84.4077,25.2008
109.3750,71.1843,84.4061,25.1377
109.4850,68.8929,84.4037,25.0574
109.5940,67.9985,84.4000,25.1506
109.7030,69.7337,84.3984,25.1176
109.8130,72.0077,84.3949,25.1008
109.9220,68.9337,84.3914,25.1025
110.0310,68.0613,84.3893,25.0605
110.1410,66.2376,84.3856,25.1633
110.2500,65.4780,84.3831,25.0747
110.3600,69.5037,84.3801,25.0554
110.4690,70.3405,84.3783,25.0764
110.5780,64.7342,84.3757,25.1073
110.6880,68.1562,84.3726,25.0628
110.7970,68.6732,84.3688,25.1737
110.9060,64.3150,84.3658,25.0750
111.0160,66.0883,84.3626,25.0837
111.1250,64.1014,84.3606,25.0673
111.2350,68.0650,84.3598,25.0119
111.3440,67.8868,84.3564,25.1214
111.4530,66.2531,84.3537,25.0735
111.5630,64.7463,84.3497,25.0839
111.6720,67.7860,84.3481,25.0934
111.7810,62.9776,84.3441,24.9694
111.8910,66.1275,84.3422,25.0654
112.0000,67.1639,84.3372,25.0650
112.1250,62.8399,84.3358,25.0543
112.2190,65.5679,84.3338,25.0170
112.3440,63.2810,84.3297,25.0449
112.4380,63.0992,84.3272,25.0389
112.5470,60.9312,84.3213,25.0730
112.6560,62.5111,84.3183,25.0900
112.7660,61.1820,84.3146,25.0416
112.8750,68.8239,84.3088,25.0347
112.9850,61.2464,84.3065,25.0216
113.0940,64.1177,84.3032,24.9895
113.2030,65.1612,84.3003,25.0545
113.3130,59.8741,84.2995,24.9837
113.4220,59.5642,84.2957,24.9919
113.5310,59.1541,84.2919,24.9637
113.6410,56.5412,84.2895,24.9854
113.7500,58.2348,84.2861,24.9743
113.8600,58.9098,84.2835,25.0462
113.9690,62.1993,84.2797,24.9384
114.0780,59.8240,84.2751,24.9731
114.1880,55.3964,84.2714,24.9929
114.2970,62.4659,84.2690,25.0028
114.4060,54.1609,84.2648,24.9117
114.5160,56.2590,84.2607,25.0169
114.6250,59.2226,84.2592,24.9287
114.7350,57.4586,84.2564,24.9652
114.8440,58.5805,84.2542,24.9554
114.9530,59.2511,84.2503,25.0145
115.0630,53.8813,84.2491,24.9177
115.1720,60.8538,84.2460,24.9224
115.2810,57.9191,84.2433,24.9206
115.3910,55.2248,84.2413,24.9463
115.5000,59.6429,84.2368,25.0202
115.6100,59.0234,84.2336,24.9182
115.7190,57.8619,84.2302,24.9882
115.8280,56.5429,84.2263,24.8895
115.9380,57.7806,84.2228,24.8792
116.0470,54.6625,84.2201,24.9194
116.1560,54.3324,84.2191,24.8682
116.2660,51.8256,84.2156,24.8954
116.3750,51.7983,84.2122,24.8837
116.4850,56.0549,84.2080,24.9192
116.5940,55.4644,84.2035,24.8542
116.7030,52.9820,84.2010,24.9846
116.8130,54.9476,84.1981,24.9485
116.9220,53.8632,84.1948,24.8826
117.0310,50.5714,84.1924,24.9297
117.1410,51.8040,84.1889,24.8932
117.2500,49.1922,84.1869,24.9367
117.3600,54.9843,84.1835,24.8824
117.4690,52.0881,84.1805,24.8551
117.5780,48.4627,84.1761,24.9539
117.6880,47.2392,84.1725,24.8461
117.7970,54.7466,84.1704,24.8619
117.9060,49.2060,84.1674,24.8550
118.0160,47.2281,84.1642,24.7917
118.1250,55.9677,84.1630,24.8587
118.2350,50.1642,84.1610,24.8883
118.3440,50.7232,84.1573,24.8723
118.4530,48.0317,84.1548,24.8555
118.5630,49.3172,84.1515,24.8654
118.6720,51.0068,84.1493,24.8254
118.7810,49.5695,84.1458,24.8495
118.9220,51.6290,84.1437,24.8168
119.0160,48.7104,84.1396,24.8900
119.1100,47.1486,84.1374,24.8530
119.2190,47.3213,84.1337,24.7761
119.3280,48.6223,84.1302,24.8615
119.4380,52.3678,84.1258,24.8394
119.5470,48.5231,84.1218,24.8404
119.6560,50.9179,84.1179,24.8573
119.7660,46.8885,84.1152,24.9267
119.8750,44.2549,84.1126,24.7750
119.9850,48.2701,84.1100,24.7553
120.0940,46.8611,84.1072,24.7986
120.2030,45.3980,84.1033,24.8143
120.3130,44.8931,84.1015,24.8728
120.4220,45.2091,84.0998,24.7965
120.5310,46.3038,84.0966,24.7338
120.6410,44.2631,84.0931,24.8120
120.7500,43.0521,84.0902,24.8536
120.8600,44.9576,84.0861,24.8397
120.9690,45.4727,84.0833,24.8437
121.0780,45.5998,84.0794,24.7827
121.1880,44.5139,84.0758,24.7931
121.2970,47.4272,84.0720,24.8325
121.4060,37.2355,84.0704,24.8212
121.5160,43.3500,84.0677,24.7822
121.6250,41.7863,84.0636,24.8003
121.7350,41.0622,84.0608,24.8181
121.8440,42.0157,84.0587,24.7724
121.9530,39.4089,84.0557,24.7913
122.0630,40.5425,84.0549,24.7617
122.1720,43.3178,84.0527,24.8467
122.2810,42.9317,84.0479,24.7831
122.3910,42.2512,84.0449,24.7140
122.5000,38.0139,84.0419,24.7584
122.6100,39.4130,84.0385,24.7045
122.7190,41.9229,84.0357,24.7519
122.8280,40.8055,84.0329,24.7225
122.9380,40.2534,84.0295,24.7599
123.0470,37.8866,84.0257,24.7573
123.1560,40.7336,84.0201,24.6904
123.2660,37.3200,84.0168,24.7739
123.3750,38.3334,84.0142,24.7290
123.4850,39.8290,84.0123,24.8090
123.5940,41.7099,84.0100,24.7633
123.7030,40.4188,84.0065,24.7336
123.8130,34.7326,84.0026,24.6862
123.9220,37.6893,83.9995,24.7523
124.0310,37.8280,83.9941,24.7386
124.1410,38.2129,83.9909,24.7147
124.2500,38.6184,83.9884,24.7287
124.3600,32.8556,83.9862,24.7713
124.4690,34.9668,83.9841,24.7628
124.5780,31.8135,83.9799,24.6780
124.6880,33.7666,83.9775,24.6657
124.7970,39.1436,83.9744,24.6196
124.9060,35.1144,83.9718,24.7055
125.0160,35.8830,83.9689,24.7613
125.1250,36.7569,83.9649,24.6164
125.2350,33.0542,83.9618,24.6815
125.3440,37.4667,83.9583,24.6253
125.4530,33.4578,83.9565,24.7684
125.5630,34.7089,83.9550,24.6649
125.6720,28.7207,83.9518,24.7297
125.7810,30.9397,83.9489,24.7063
125.8910,38.4285,83.9452,24.6622
126.0000,34.3307,83.9424,24.7739
126.1100,31.9406,83.9402,24.6440
126.2190,32.7070,83.9369,24.7200
126.3280,34.6119,83.9348,24.6466
126.4380,31.6003,83.9320,24.7316
126.5470,33.2064,83.9301,24.6489
126.6560,34.2142,83.9267,24.6254
126.7660,33.8783,83.9234,24.6828
126.8750,34.1274,83.9196,24.6147
126.9850,26.0540,83.9175,24.6929
127.0940,25.5376,83.9140,24.7632
127.2030,33.4969,83.9100,24.6620
127.3130,32.9445,83.9047,24.6387
127.4220,25.8645,83.9023,24.7489
127.5310,27.3386,83.8988,24.6605
127.6410,30.1796,83.8948,24.6842
127.7500,27.6026,83.8921,24.6838
127.8600,25.7621,83.8897,24.6721
127.9690,30.0268,83.8859,24.6233
128.0780,31.8181,83.8824,24.6321
128.1880,29.1624,83.8788,24.6421
128.2970,29.9733,83.8749,24.6195
128.4060,26.1600,83.8730,24.6192
128.5160,28.6925,83.8707,24.6418
128.6250,32.2664,83.8670,24.6556
128.7350,26.2854,83.8645,24.6458
128.8440,24.6216,83.8594,24.6386
128.9530,27.9324,83.8558,24.6331
129.0630,28.1207,83.8546,24.6024
129.1720,31.6280,83.8512,24.6606
129.2810,27.4929,83.8469,24.5827
129.3910,22.4762,83.8437,24.7261
129.5000,24.1061,83.8413,24.6620
129.6100,29.1658,83.8370,24.5872
129.7190,24.2290,83.8326,24.5752
129.8280,31.5365,83.8293,24.6151
129.9380,28.8008,83.8273,24.6332
130.0470,25.9849,83.8248,24.5436
130.1560,25.8491,83.8209,24.6736
130.2660,26.7109,83.8185,24.5834
130.3750,23.9534,83.8153,24.5785
130.4850,23.3546,83.8115,24.6410
130.5940,15.5155,83.8085,24.6429
130.7030,20.8942,83.8068,24.6719
130.8130,31.8613,83.8038,24.5929
130.9220,21.1658,83.8004,24.6646
131.0310,19.8302,83.7978,24.5246
131.1410,28.0012,83.7942,24.6112
131.2500,26.9170,83.7906,24.5958
131.3600,25.7354,83.7872,24.6497
131.4690,24.6298,83.7840,24.5444
131.5780,27.3513,83.7814,24.5876
131.6880,22.6506,83.7776,24.5309
131.7970,21.2103,83.7755,24.6501
131.9060,24.9555,83.7732,24.5701
132.0160,26.0850,83.7691,24.5443
132.1250,23.2243,83.7669,24.5602
132.2350,21.5537,83.7651,24.5568
132.3440,21.4993,83.7632,24.6260
132.4530,19.4536,83.7599,24.6297
132.5630,23.9614,83.7570,24.5886
132.6720,23.4619,83.7532,24.5658
132.7810,26.3407,83.7501,24.5553
132.8910,25.9418,83.7472,24.5132
133.0000,22.2481,83.7458,24.6268
133.1100,18.0923,83.7439,24.4833
133.2190,24.5122,83.7411,24.5762
133.3280,24.3505,83.7389,24.6029
133.4380,22.8488,83.7358,24.5741
133.5470,24.7178,83.7318,24.5311
133.6560,23.7491,83.7282,24.5636
133.7660,22.6006,83.7255,24.5807
133.8750,21.3393,83.7218,24.5489
133.9850,20.3524,83.7184,24.5183
134.0940,21.0861,83.7154,24.5609
134.2030,24.0851,83.7118,24.5793
134.3130,21.3045,83.7096,24.5548
134.4220,23.0910,83.7079,24.5896
134.5310,22.1453,83.7042,24.5901
134.6410,23.0417,83.7009,24.5518
134.7500,23.6042,83.6975,24.5973
134.8600,24.6048,83.6948,24.5334
134.9690,22.8932,83.6937,24.5402
135.0780,20.3411,83.6908,24.5017
135.1880,18.5049,83.6877,24.5309
135.2970,24.8677,83.6855,24.5209
135.4060,24.2772,83.6839,24.5099
135.5160,27.9621,83.6829,24.5234
135.6250,24.1952,83.6806,24.5331
135.7350,20.4569,83.6770,24.5551
135.8440,21.0203,83.6738,24.5495
135.9530,22.3377,83.6701,24.5976
136.0630,18.2219,83.6675,24.6200
136.1720,21.4167,83.6640,24.5711
136.2810,23.2478,83.6603,24.5791
136.3910,18.6711,83.6564,24.4740
136.5000,17.7046,83.6538,24.5505
136.6100,19.3875,83.6505,24.5498
136.7350,20.8035,83.6469,24.5230
136.8280,21.1165,83.6438,24.6261
136.9380,24.5398,83.6408,24.5245
137.0470,20.2761,83.6366,24.5750
137.1560,22.1585,83.6334,24.5495
137.2660,22.6110,83.6296,24.5938
137.3750,22.1570,83.6247,24.4777
137.4850,24.3998,83.6213,24.4857
137.5940,19.3449,83.6179,24.5750
137.7030,23.3180,83.6158,24.5020
137.8130,19.9160,83.6130,24.5557
137.9220,19.3014,83.6100,24.4580
138.0310,23.1965,83.6054,24.5666
138.1410,17.4433,83.6027,24.5081
138.2500,22.4527,83.6019,24.4914
138.3600,23.1402,83.5989,24.5144
138.4690,18.2913,83.5955,24.5243
138.5780,22.1222,83.5916,24.5067
138.6880,23.6501,83.5875,24.5395
138.7970,22.8535,83.5827,24.5336
138.9060,21.6453,83.5817,24.4694
139.0160,17.5081,83.5790,24.4598
139.1250,18.6613,83.5757,24.5589
139.2350,24.2457,83.5739,24.4406
139.3440,20.4222,83.5703,24.5932
139.4530,24.0784,83.5675,24.5866
139.5630,20.0357,83.5653,24.4788
139.6720,19.3815,83.5622,24.5710
139.7810,21.8560,83.5596,24.4750
139.8910,24.5374,83.5562,24.4908
140.0000,18.4454,83.5520,24.5393
140.1100,23.3215,83.5498,24.5297
140.2190,21.9939,83.5469,24.5387
140.3440,19.5862,83.5435,24.4879
140.4380,23.4620,83.5410,24.5696
140.5470,22.4059,83.5373,24.5009
140.6560,21.3192,83.5357,24.4720
140.7660,20.7226,83.5326,24.5450
140.8750,19.1829,83.5312,24.4885
140.9850,24.1638,83.5268,24.5097
141.0940,20.9493,83.5228,24.5415
141.2030,22.4966,83.5207,24.5656
141.3130,23.5307,83.5167,24.5803
141.4220,23.7623,83.5121,24.4908
141.5310,17.1362,83.5098,24.4938
141.6410,24.3048,83.5064,24.5526
141.7500,23.8946,83.5034,24.5339
141.8600,23.0079,83.5012,24.5554
141.9690,22.3108,83.4985,24.5418
142.0780,19.9580,83.4945,24.4363
142.1880,20.6840,83.4912,24.5303
142.2970,22.7029,83.4876,24.5270
142.4060,26.7785,83.4833,24.5497
142.5160,21.3573,83.4787,24.5600
142.6250,25.1646,83.4743,24.4997
142.7350,20.2829,83.4698,24.4721
142.8440,20.3406,83.4661,24.4771
142.9530,25.8210,83.4637,24.5352
143.0630,25.2179,83.4609,24.5017
143.1720,23.3840,83.4582,24.4958
143.2970,24.9771,83.4550,24.4946
143.3910,27.7063,83.4528,24.4924
143.5000,22.8616,83.4516,24.5244
143.6100,26.9392,83.4480,24.4240
143.7190,22.6338,83.4472,24.4791
143.8280,28.8166,83.4434,24.5132
143.9380,28.5177,83.4403,24.4500
144.0470,27.7142,83.4376,24.4321
144.1560,27.2518,83.4343,24.5174
144.2660,19.6006,83.4300,24.5064
144.3750,26.5199,83.4263,24.5407
144.4850,27.5362,83.4239,24.5244
144.5940,23.0927,83.4206,24.5390
144.7500,28.3519,83.4170,24.4670
144.8600,26.0956,83.4158,24.4981
144.9380,27.7177,83.4126,24.5506
145.0310,28.9685,83.4076,24.4260
145.1410,28.4932,83.4057,24.5263
145.2500,27.6854,83.4026,24.4529
145.3600,24.5754,83.3988,24.4702
145.4690,27.8038,83.3974,24.4549
145.5780,25.9078,83.3955,24.4509
145.6880,27.0088,83.3916,24.4440
145.7970,25.9710,83.3867,24.4780
145.9060,27.9314,83.3856,24.5181
146.0160,30.7261,83.3828,24.4275
146.1250,25.9535,83.3808,24.4156
146.2350,29.8893,83.3778,24.4782
146.3440,28.9493,83.3775,24.5008
146.4530,30.9888,83.3746,24.5379
146.5630,27.2300,83.3730,24.4652
146.6720,32.6134,83.3700,24.4131
146.7810,29.6355,83.3669,24.4670
146.8910,29.6455,83.3641,24.4988
147.0000,29.0826,83.3610,24.5342
147.1100,29.6700,83.3588,24.5085
147.2190,32.0795,83.3548,24.5386
147.3280,33.6394,83.3526,24.4325
147.4530,29.8943,83.3502,24.5209
147.5470,29.0835,83.3459,24.4093
147.6560,33.6756,83.3437,24.5339
147.7660,32.6797,83.3404,24.5073
147.8750,29.8444,83.3400,24.5071
147.9850,33.7692,83.3366,24.4371
148.0940,29.2909,83.3336,24.4928
148.2030,30.5526,83.3316,24.5436
148.3130,35.4216,83.3287,24.4638
148.4220,28.7102,83.3276,24.5483
148.5310,31.9472,83.3241,24.4649
148.6410,35.0400,83.3214,24.4357
148.7500,34.7285,83.3190,24.5342
148.8600,31.3367,83.3159,24.4824
148.9690,34.6334,83.3148,24.6180
149.0780,34.1211,83.3111,24.4938
149.1880,33.7869,83.3087,24.5497
149.2970,38.2456,83.3044,24.5302
149.4060,30.7076,83.3022,24.5412
149.5160,34.4188,83.3016,24.5282
149.6250,31.2088,83.2983,24.6338
149.7350,29.1434,83.2966,24.5089
149.8440,37.3717,83.2943,24.4832
149.9530,34.3080,83.2918,24.5442
150.0630,34.6849,83.2883,24.4721
150.1720,36.3349,83.2860,24.4519
150.2810,35.6285,83.2825,24.5527
150.3910,36.4770,83.2802,24.5056
150.5000,35.8179,83.2792,24.5083
150.6100,36.8721,83.2757,24.4599
150.7190,35.8990,83.2729,24.4348
150.8280,41.5040,83.2696,24.4879
150.9380,34.2599,83.2678,24.5207
151.0470,37.7518,83.2658,24.5045
151.1560,39.9983,83.2633,24.5339
151.2660,38.0604,83.2606,24.4924
151.3750,38.2207,83.2586,24.5325
151.4850,38.5937,83.2560,24.4622
151.5940,36.4471,83.2537,24.4601
151.7030,37.3087,83.2507,24.4329
151.8130,37.0230,83.2481,24.4921
151.9220,37.8294,83.2470,24.4364
152.0310,38.3460,83.2436,24.4908
152.1410,41.7782,83.2397,24.5471
152.2500,37.6978,83.2380,24.5171
152.3600,40.5718,83.2346,24.4789
152.4690,38.6907,83.2320,24.5939
152.6250,41.4437,83.2285,24.4651
152.6880,39.5585,83.2256,24.5247
152.7970,41.1483,83.2223,24.5082
152.9060,40.2648,83.2172,24.5565
153.0160,42.5106,83.2144,24.4965
153.1250,39.8580,83.2133,24.4948
153.2350,40.6629,83.2101,24.5402
153.3440,45.3931,83.2078,24.5468
153.4530,43.1542,83.2031,24.5243
153.5630,44.7613,83.2007,24.4226
153.6720,42.0721,83.1973,24.5107
153.7810,43.0900,83.1947,24.5630
153.8910,42.2338,83.1902,24.5719
154.0000,37.9111,83.1877,24.4864
154.1100,38.4138,83.1851,24.5003
154.2190,42.3081,83.1833,24.5330
154.3280,43.9798,83.1805,24.5210
154.4380,42.2909,83.1786,24.5440
154.5470,47.7722,83.1761,24.4966
154.6560,46.1253,83.1718,24.5231
154.7660,47.6233,83.1675,24.6120
154.8750,42.8229,83.1651,24.6020
154.9850,45.7803,83.1622,24.4994
155.0940,43.6925,83.1599,24.5880
155.2030,46.3639,83.1545,24.5096
155.3130,42.7066,83.1518,24.5878
155.4220,44.9857,83.1495,24.4920
155.5310,49.6351,83.1480,24.5424
155.6410,50.7973,83.1442,24.6170
155.7500,48.4615,83.1403,24.5544
155.8600,50.6093,83.1367,24.5903
155.9690,53.0879,83.1323,24.5022
156.0780,50.8418,83.1300,24.5635
156.1880,47.7818,83.1254,24.5466
156.2970,46.4005,83.1218,24.5773
156.4060,46.8385,83.1187,24.6247
156.5160,50.3237,83.1156,24.5828
156.6250,47.5183,83.1123,24.5507
156.7350,53.2550,83.1084,24.5637
156.8440,49.0513,83.1062,24.5858
156.9530,44.0409,83.1037,24.5800
157.0630,48.2437,83.1011,24.6279
157.1720,46.8002,83.0995,24.6227
157.2810,53.7967,83.0952,24.5256
157.3910,53.3677,83.0929,24.5143
157.5000,54.5940,83.0889,24.6033
157.6100,52.2673,83.0859,24.6033
157.7190,52.0555,83.0831,24.5689
157.8280,54.2236,83.0789,24.5745
157.9380,50.1924,83.0754,24.5597
158.0470,48.9256,83.0722,24.5777
158.1560,56.0554,83.0687,24.5498
158.2660,54.1706,83.0660,24.5121
158.3750,50.9773,83.0639,24.5450
158.4850,48.7291,83.0603,24.5948
158.5940,55.6446,83.0576,24.5942
158.7030,56.3137,83.0538,24.6022
158.8130,54.4027,83.0507,24.6177
158.9220,55.5569,83.0499,24.6874
159.0310,53.8837,83.0464,24.5676
159.1410,57.5077,83.0438,24.5857
159.2500,53.3153,83.0401,24.5628
159.3600,57.6306,83.0367,24.6133
159.4690,55.3503,83.0333,24.6039
159.5780,51.6413,83.0291,24.6738
159.6880,56.2502,83.0253,24.5913
159.7970,60.0101,83.0213,24.6178
159.9060,56.9799,83.0186,24.6184
160.0160,60.4540,83.0150,24.6180
160.1250,56.5728,83.0111,24.6270
160.2350,60.3666,83.0082,24.6474
160.3440,58.9381,83.0073,24.6315
160.4530,59.5160,83.0043,24.5925
160.5630,57.3685,83.0016,24.6029
160.6720,58.1611,82.9985,24.6206
160.7810,53.5889,82.9967,24.6094
160.8910,61.3583,82.9938,24.6014
161.0000,57.7080,82.9912,24.6396
161.1100,57.4528,82.9890,24.5792
161.2190,62.2043,82.9861,24.6108
161.3280,60.9424,82.9827,24.7133
161.4380,57.8390,82.9803,24.6282
161.5470,62.5162,82.9772,24.6577
161.6560,60.9375,82.9725,24.6249
161.7660,64.7305,82.9691,24.5670
161.8750,59.5748,82.9681,24.5470
161.9850,64.5561,82.9666,24.5739
162.0940,59.9595,82.9624,24.5879
162.2030,62.2196,82.9582,24.5872
162.3130,65.2229,82.9553,24.5614
162.4220,62.6949,82.9514,24.5958
162.5310,62.8448,82.9480,24.6073
162.6410,59.2021,82.9448,24.6249
162.7500,62.7380,82.9409,24.6749
162.8600,64.6331,82.9386,24.6593
162.9690,64.6432,82.9342,24.6842
163.0780,62.3240,82.9310,24.6548
163.1880,63.7233,82.9264,24.6495
163.2970,65.9751,82.9262,24.6654
163.4060,65.1174,82.9227,24.6207
163.5160,67.0370,82.9202,24.5671
163.6250,66.4042,82.9176,24.6226
163.7350,67.9509,82.9152,24.6719
163.8440,63.4256,82.9148,24.6475
163.9530,68.7123,82.9122,24.6879
164.0630,65.3071,82.9111,24.6432
164.1720,67.7304,82.9081,24.6163
164.2810,65.9770,82.9055,24.6459
164.3910,67.2431,82.9035,24.6272
164.5000,67.3484,82.9009,24.7176
164.6100,62.8734,82.8986,24.6895
164.7190,72.4053,82.8946,24.6759
164.8280,70.9968,82.8905,24.6449
164.9380,66.8040,82.8882,24.6645
165.0470,67.0760,82.8846,24.6420
165.1560,68.6691,82.8833,24.6628
165.2660,68.5298,82.8812,24.6750
165.3750,66.9095,82.8780,24.6839
165.4850,67.7140,82.8735,24.7236
165.5940,66.1839,82.8690,24.6198
165.7030,69.9221,82.8651,24.6617
165.8130,69.9947,82.8634,24.7137
165.9220,68.9440,82.8592,24.6268
166.0310,72.6622,82.8574,24.6886
166.1410,70.6139,82.8543,24.7015
166.2500,70.8213,82.8519,24.6494
166.3600,70.4461,82.8482,24.6732
166.4690,76.6456,82.8451,24.6814
166.5780,70.2126,82.8419,24.7214
166.6880,71.1630,82.8382,24.7234
166.7970,74.0262,82.8345,24.7232
166.9060,73.5228,82.8289,24.7068
167.0160,67.2102,82.8256,24.7239
167.1250,68.1495,82.8232,24.6755
167.2350,71.4119,82.8208,24.7549
167.3440,73.7313,82.8176,24.7135
167.4530,73.9362,82.8140,24.7774
167.5630,74.8477,82.8122,24.7204
167.6720,70.1818,82.8077,24.7115
167.7810,73.6647,82.8056,24.7870
167.8910,68.8061,82.8037,24.7752
168.0000,78.7441,82.8018,24.8090
168.1100,73.1873,82.7990,24.7317
168.2190,72.9772,82.7969,24.7715
168.3280,72.5656,82.7940,24.7617
168.4380,72.6669,82.7903,24.7611
168.5470,71.4627,82.7876,24.8023
168.6560,73.2040,82.7838,24.7207
168.7660,78.0403,82.7807,24.7406
168.8750,73.3459,82.7777,24.7732
168.9850,76.5354,82.7761,24.6815
169.0940,74.4838,82.7733,24.8182
169.2030,76.5655,82.7700,24.8142
169.3130,76.7631,82.7662,24.8033
169.4220,75.4894,82.7650,24.7653
169.5310,79.5717,82.7621,24.8235
169.6410,72.3589,82.7582,24.8224
169.7500,73.7255,82.7567,24.7323
169.8600,75.2300,82.7537,24.7579
169.9690,74.3096,82.7495,24.7605
170.0780,79.0937,82.7482,24.8464
170.1880,73.0910,82.7453,24.8164
170.2970,74.3863,82.7427,24.7747
170.4060,78.2620,82.7403,24.8349
170.5160,79.6452,82.7381,24.8572
170.6250,77.1476,82.7352,24.8109
170.7350,77.5102,82.7311,24.8093
170.8440,77.4252,82.7280,24.8046
170.9530,78.0279,82.7244,24.8554
171.0630,76.3835,82.7215,24.7849
171.1720,76.7817,82.7185,24.8218
171.2810,81.9921,82.7124,24.8608
171.3910,77.4513,82.7100,24.8235
171.5000,81.7899,82.7058,24.7972
171.6100,77.3077,82.7028,24.8708
171.7190,82.1940,82.7000,24.7938
171.8280,75.8297,82.6979,24.8291
171.9380,78.0733,82.6942,24.8126
172.0470,80.2525,82.6906,24.8217
172.1560,82.8045,82.6879,24.8611
172.2660,75.8350,82.6853,24.8358
172.3750,76.6040,82.6794,24.8707
172.4850,76.6951,82.6759,24.8066
172.5940,80.4783,82.6732,24.8510
172.7030,76.1994,82.6706,24.8318
172.8130,82.4252,82.6654,24.8090
172.9220,77.7915,82.6631,24.8826
173.0310,78.8371,82.6585,24.8978
173.1410,79.8929,82.6539,24.8504
173.2500,83.0378,82.6520,24.8384
173.3600,77.1982,82.6481,24.9116
173.4690,78.8889,82.6461,24.8511
173.5780,79.6906,82.6435,24.8936
173.6880,78.8725,82.6417,24.8590
173.7970,80.2595,82.6406,24.9295
173.9060,80.9362,82.6381,24.9052
174.0160,76.6109,82.6348,24.8670
174.1250,81.8991,82.6325,24.8877
174.2350,78.6528,82.6311,24.9083
174.3440,80.7139,82.6274,24.8920
174.4530,81.0282,82.6234,24.9382
174.5630,78.7977,82.6207,24.9888
174.6720,81.0089,82.6176,24.9654
174.7810,79.6586,82.6153,24.8994
174.8910,82.4625,82.6118,24.9010
175.0000,75.7000,82.6079,24.9515
175.1100,80.9433,82.6041,24.9315
175.2190,77.7234,82.6010,25.0046
175.3280,77.8804,82.5971,24.9129
175.4380,82.6665,82.5942,24.9066
175.5470,80.9749,82.5915,24.8940
175.6560,81.5473,82.5886,24.9556
175.7660,81.8188,82.5869,24.9056
175.8750,77.7675,82.5838,24.9789
175.9850,76.7395,82.5802,24.9392
176.0940,84.8374,82.5754,25.0085
176.2030,80.7318,82.5715,24.9855
176.3130,81.7437,82.5700,24.9607
176.4220,81.1909,82.5671,24.9392
176.5310,77.7575,82.5642,24.9260
176.6410,81.0479,82.5602,24.9481
176.7500,87.1994,82.5594,25.0021
176.8600,81.0750,82.5562,24.9889
176.9690,82.8188,82.5530,24.9471
177.0780,82.9537,82.5504,24.9679
177.1880,83.2527,82.5476,25.0007
177.2970,80.3753,82.5437,24.9758
177.4060,81.0674,82.5414,24.9894
177.5160,79.2818,82.5363,24.9726
177.6250,82.4158,82.5339,25.0739
177.7350,76.8641,82.5321,24.9219
177.8440,80.0305,82.5271,25.0187
177.9530,80.4943,82.5236,24.9677
178.0630,84.4249,82.5212,24.9915
178.1720,84.6753,82.5172,25.0519
178.2810,77.0173,82.5144,25.0094
178.3910,77.1794,82.5115,25.0021
178.5000,84.6013,82.5076,24.9893
178.6100,83.9675,82.5043,25.0763
178.7190,80.0832,82.5019,25.0391
178.8280,85.8726,82.4986,24.9928
178.9380,76.4072,82.4967,25.0272
179.0470,80.4164,82.4924,25.0967
179.1560,81.8841,82.4880,25.0480
179.2660,79.8920,82.4842,25.0180
179.3750,79.0971,82.4802,25.0247
179.4850,83.7992,82.4782,25.1050
179.5940,81.7457,82.4737,25.0024
179.7030,83.1131,82.4707,25.0318
179.8130,76.1119,82.4669,25.0652
179.9220,76.3554,82.4621,25.0219
180.0310,80.5514,82.4583,25.0356
180.1410,80.8194,82.4571,25.0023
180.2500,75.9151,82.4552,25.0687
180.3600,81.7597,82.4528,25.0601
180.4690,79.5232,82.4487,25.1092
180.5780,76.6682,82.4456,25.0989
180.6880,82.6198,82.4425,25.0494
180.7970,76.7104,82.4411,25.0852
180.9060,81.7633,82.4386,25.0663
181.0160,81.3572,82.4360,25.0187
181.1250,83.4966,82.4316,25.0434
181.2350,75.0377,82.4279,25.1592
181.3440,77.8236,82.4255,25.0404
181.4530,74.8574,82.4225,25.1011
181.5630,81.0353,82.4172,25.1435
181.6720,76.5668,82.4139,25.1599
181.7810,78.6325,82.4110,25.1793
181.8910,77.0473,82.4081,25.1090
182.0000,81.6237,82.4064,25.1458
182.1100,76.0919,82.4048,25.1119
182.2190,80.7400,82.4008,25.0611
182.3280,72.1560,82.3984,25.2284
182.4380,75.7055,82.3951,25.1064
182.5470,80.5422,82.3927,25.1338
182.6560,78.2064,82.3884,25.1572
182.7660,76.3088,82.3849,25.1693
182.8750,68.6480,82.3834,25.1563
182.9850,79.3054,82.3797,25.1822
183.0940,76.8610,82.3761,25.1161
183.2030,75.8308,82.3715,25.1919
183.3130,76.9953,82.3681,25.1441
183.4220,76.4457,82.3648,25.1912
183.5310,76.9707,82.3624,25.1246
183.6410,77.1016,82.3602,25.2178
183.7500,74.2344,82.3581,25.2181
183.8600,76.5827,82.3554,25.1489
183.9690,79.1783,82.3522,25.1241
184.0780,72.0528,82.3481,25.1783
184.1880,74.1912,82.3456,25.2321
184.2970,76.1985,82.3428,25.1526
184.4060,74.5773,82.3389,25.1613
184.5160,78.4342,82.3365,25.1960
184.6250,71.7956,82.3338,25.2774
184.7350,73.9525,82.3311,25.2044
184.8440,70.5643,82.3283,25.3289
184.9530,74.7746,82.3242,25.2305
185.0630,73.0271,82.3208,25.2051
185.1720,77.2133,82.3192,25.2264
185.2810,67.9259,82.3183,25.1933
185.3910,73.8565,82.3162,25.3039
185.5000,74.6363,82.3116,25.2638
185.6100,74.7395,82.3083,25.2638
185.7190,70.6330,82.3058,25.2569
185.8280,77.7173,82.3026,25.2657
185.9380,78.9422,82.2989,25.2199
186.0470,72.1471,82.2966,25.3087
186.1560,68.9672,82.2924,25.2816
186.2660,70.0471,82.2904,25.2614
186.3750,72.3288,82.2888,25.2784
186.4850,72.4762,82.2867,25.3032
186.5940,68.2271,82.2834,25.2709
186.7030,70.5680,82.2790,25.3124
186.8130,70.7843,82.2756,25.3223
186.9220,72.4756,82.2724,25.2590
187.0310,68.6690,82.2694,25.2952
187.1410,73.1411,82.2690,25.1921
187.2500,65.6442,82.2672,25.3669
187.3600,71.5285,82.2649,25.3523
187.4690,68.7219,82.2611,25.3742
187.5780,71.9006,82.2585,25.3351
187.6880,69.6841,82.2558,25.3756
187.7970,69.9060,82.2536,25.3339
187.9060,68.9645,82.2504,25.3562
188.0160,68.5957,82.2478,25.3518
188.1250,74.0031,82.2442,25.4141
188.2350,67.9022,82.2399,25.3278
188.3440,69.1285,82.2353,25.3028
188.4530,64.5532,82.2332,25.4255
188.5630,69.1806,82.2308,25.3597
188.6720,68.1486,82.2276,25.3758
188.7810,67.7292,82.2248,25.3448
188.8910,65.3774,82.2208,25.4660
189.0000,64.4969,82.2184,25.3686
189.1100,68.7936,82.2140,25.3859
189.2190,63.6029,82.2108,25.3508
